<?xml version="1.0" encoding="utf-8"?>
<extension type="module" version="3.1" client="site" method="upgrade">
    <name>jN Masthead Module</name>
    <author>J.S. Negley</author>
    <creationDate>31 OCT 2014</creationDate>
    <copyright>J.S. Negley LLC</copyright>
    <license>http://www.gnu.org/licenses/gpl-3.0.html GNU/GPL version 3</license>

    <authorUrl>http://www.jsnegley.net</authorUrl>
    <version>1.0.0</version>
    <description>MOD_JN_MASTHEAD_DESC</description>
    <files>
        <filename module="mod_jn_masthead">mod_jn_masthead.php</filename>
        <filename>mod_jn_masthead.xml</filename>
        <filename>helper.php</filename>
		<filename>index.html</filename>
		<folder>js</folder>
		<folder>language</folder>
        <folder>tmpl</folder>
    </files>
	<languages>
		<language tag="en-GB">language/en-GB.mod_jn_masthead.ini</language>
		<language tag="en-GB">language/en-GB.mod_jn_masthead.sys.ini</language>
	</languages>
    <config>
        <fields name="params">
            <fieldset name="basic">
            	<field name="mod_jn_masthead_sectiontitle" type="text" default=""
					label="MOD_JN_MASTHEAD_SECTIONTITLE_LABEL"
					description="MOD_JN_MASTHEAD_SECTIONTITLE_DESC"
				/>
				<field name="mod_jn_masthead_sectionsubtitle" type="text" default=""
					label="MOD_JN_MASTHEAD_SECTIONSUBTITLE_LABEL"
					description="MOD_JN_MASTHEAD_SECTIONSUBTITLE_DESC"
				/>
				<field type="spacer" name="spacer1" hr="true" />

	            <field name="mod_jn_masthead_imgsrc"
	            	type="media"
	            	directory="/"
	            	label="MOD_JN_MASTHEAD_IMGSRC_LABEL"
	            	description="MOD_JN_MASTHEAD_IMGSRC_DESC"
	            />
	            <field name="mod_jn_masthead_imgalt" type="text" default="image"
					label="MOD_JN_MASTHEAD_IMGALT_LABEL"
					description="MOD_JN_MASTHEAD_IMGALT_DESC"
				/>
				<field name="mod_jn_masthead_imgshape" type="list" default=""
					label="MOD_JN_MASTHEAD_IMGSHAPE_LABEL"
					description="MOD_JN_MASTHEAD_IMGSHIMGAPE_DESC">
					<option value="">MOD_JN_MASTHEAD_IMGSHAPE_OPTION_NONE</option>
					<option value="img-rounded">MOD_JN_MASTHEAD_IMGSHAPE_OPTION_ROUNDED</option>
					<option value="img-circle">MOD_JN_MASTHEAD_IMGSHAPE_OPTION_CIRCLE</option>
					<option value="img-thumbnail">MOD_JN_MASTHEAD_IMGSHAPE_OPTION_THUMBNAIL</option>
                </field>
                <field name="mod_jn_masthead_imgalign" type="list" default=""
					label="MOD_JN_MASTHEAD_IMGALIGN_LABEL"
					description="MOD_JN_MASTHEAD_IMGALIGN_DESC">
					<option value="">MOD_JN_MASTHEAD_IMGALIGN_OPTION_NONE</option>
					<option value="pull-left">MOD_JN_MASTHEAD_IMGALIGN_OPTION_LEFT</option>
					<option value="pull-right">MOD_JN_MASTHEAD_IMGALIGN_OPTION_RIGHT</option>
                </field>
                <field name="mod_jn_masthead_imgresponsive" type="radio" default="1"
					label="MOD_JN_MASTHEAD_IMGRESPONSIVE_LABEL"
					description="MOD_JN_MASTHEAD_IMGRESPONSIVE_DESC">
					<option value="1">JYES</option>
					<option value="0">JNO</option>
                </field>
                <field type="spacer" name="spacer2" hr="true" />

                <field name="mod_jn_masthead_bkgsrc" type="media"
	            	directory="/"
	            	label="MOD_JN_MASTHEAD_BKGSRC_LABEL"
	            	description="MOD_JN_MASTHEAD_BKGSRC_DESC"
	            />
	            <field name="mod_jn_masthead_bkgstretch" type="radio" default="1" 
	            	label="MOD_JN_MASTHEAD_BKGSTRETCH_LABEL" 
	            	description="MOD_JN_MASTHEAD_BKGTRETCH_DESC">
	            	<option value="1">JYES</option>
					<option value="0">JNO</option>
	            </field>


            </fieldset>
			<fieldset name="advanced">
				<field name="layout" type="modulelayout"
					label="JFIELD_ALT_LAYOUT_LABEL"
					description="JFIELD_ALT_MODULE_LAYOUT_DESC" />
				<field name="moduleclass_sfx" type="text"
					label="COM_MODULES_FIELD_MODULECLASS_SFX_LABEL"
					description="COM_MODULES_FIELD_MODULECLASS_SFX_DESC" />
				<field name="cache" type="list" default="0"
					label="COM_MODULES_FIELD_CACHING_LABEL"
					description="COM_MODULES_FIELD_CACHING_DESC">
					<option value="0">COM_MODULES_FIELD_VALUE_NOCACHING</option>
				</field>
			</fieldset>
        </fields>
    </config>
</extension>
